ca_objects.idno,ca_objects_id_URI_highres,ca_objects_id_URI_lowres,Object data uri,ca_objects_preferred_labels_titel,ca_objects_title_full,ca_objects.moveObjectnaam,AAT_URI,AAT_Objectnaam,ca_entities_collectiebeheerder,ca_collections,ca_objects.inhoudBeschrijving,ca_entities_vervaardiger,ca_entities_vervaardiger_rol,ca_objects_vervaardiging_datering,ca_objects_vervaardiging_plaats,ca_objects_vervaardiging_opmerking,ca_objects_opschrift 1,ca_occurences_publicatie,ca_objects.dimensionsInfo_hoogte,ca_objects.dimensionsInfo_breedte,ca_objects.materiaalInfo,ca_objects.aquisitionInfo_datum,ca_objects.aquisitionInfo_methode,ca_objects.aquisitionInfo_entiteit,CC-license_images,CC-license_metadata
2052,https://hetvirtueleland.be/cag/lithograph/id/2052,http://resolver.libis.be/IE1483177,https://hetvirtueleland.be/cag/lithograph/data/2052,Lithografie van de peervariëteit Forelle,"Lithografie van de peervariëteit Forelle, Pieter Joseph de Pannemaeker, 1880, Centrum Agrarische Geschiedenis (CAG)",chromolithografie,http://vocab.getty.edu/aat/300053272,chromolithography,Centrum Agrarische Geschiedenis (CAG),Bibliotheek Centrum Agrarische Geschiedenis,"Deze litho verscheen in het tijdschrift Bulletin d'arboriculture, de floriculture et de culture potagère (later Bulletin d'arboriculture, de culture potagère et de floriculture), een uitgave van de Cercle d'arboriculture de Belgique, gesticht in 1864 in Gent. De redactie was aanvankelijk in handen van Fr. Burvenich, Éd. Pynaert, Ém. Rodigas en H.J. Van Hulle, lesgevers aan de Staatstuinbouwschool van Gent, verbonden met de Kruidtuin van de Gentse universiteit. Het gaat om de rode peer Forelle.",Pieter Joseph de Pannemaeker,lithograaf,1880,http://www.geonames.org/2797657/,"in opdracht van het tijdschrift Bulletin d'arboriculture, de floriculture et de culture potagère",Poire Forelle,http://limo.libis.be/KULeuven:ALL_CONTENT:32LIBIS_ALMA_DS71136479930001471,"225,0 mm","145,0 mm",papier,2010,schenking,Erfgoedbibliotheek Hendrik Conscience,https://creativecommons.org/publicdomain/mark/1.0/,https://creativecommons.org/publicdomain/zero/1.0/
4243,https://hetvirtueleland.be/cag/lithograph/id/4243,http://resolver.libis.be/IE1501272,https://hetvirtueleland.be/cag/lithograph/data/4243,Lithografie van de peervariëteit Léonce de Vaubernier,"Lithografie van de peervariëteit Léonce de Vaubernier, Pieter Joseph de Pannemaeker, 1875, Centrum Agrarische Geschiedenis (CAG)",chromolithografie,http://vocab.getty.edu/aat/300053272,chromolithography,Centrum Agrarische Geschiedenis (CAG),Bibliotheek Centrum Agrarische Geschiedenis,"Deze litho verscheen in het tijdschrift Bulletin d'arboriculture, de floriculture et de culture potagère (later Bulletins d'arboriculture, de culture potagère et de floriculture), een uitgave van de Cercle d'arboriculture de Belgique, gesticht in 1864 in Gent. De redactie was aanvankelijk in handen van Fr. Burvenich, Éd. Pynaert, Ém. Rodigas en H.J. Van Hulle, lesgevers aan de Staatstuinbouwschool van Gent, verbonden met de Kruidtuin van de Gentse universiteit. Het gaat om de peervariëteit Léonce de Vaubernier.",Pieter Joseph de Pannemaeker,lithograaf,1875,http://www.geonames.org/2797657/,"in opdracht van het tijdschrift Bulletin d'arboriculture, de floriculture et de culture potagère",Poire Léonce de Vaubernier,http://limo.libis.be/KULeuven:ALL_CONTENT:32LIBIS_ALMA_DS71136479930001471,"225,0 mm","145,0 mm",papier,2010,schenking,Erfgoedbibliotheek Hendrik Conscience,https://creativecommons.org/publicdomain/mark/1.0/,https://creativecommons.org/publicdomain/zero/1.0/
4244,https://hetvirtueleland.be/cag/lithograph/id/4244,http://resolver.libis.be/IE1501277,https://hetvirtueleland.be/cag/lithograph/data/4244,Lithografie van de perzikvariëteit Lord Palmerston,"Lithografie van de perzikvariëteit Lord Palmerston, Pieter Joseph de Pannemaeker, 1876, Centrum Agrarische Geschiedenis (CAG)",chromolithografie,http://vocab.getty.edu/aat/300053272,chromolithography,Centrum Agrarische Geschiedenis (CAG),Bibliotheek Centrum Agrarische Geschiedenis,"Deze litho verscheen in het tijdschrift Bulletin d'arboriculture, de floriculture et de culture potagère (later Bulletins d'arboriculture, de culture potagère et de floriculture), een uitgave van de Cercle d'arboriculture de Belgique, gesticht in 1864 in Gent. De redactie was aanvankelijk in handen van Fr. Burvenich, Éd. Pynaert, Ém. Rodigas en H.J. Van Hulle, lesgevers aan de Staatstuinbouwschool van Gent, verbonden met de Kruidtuin van de Gentse universiteit. Het gaat om de perzikvariëteit Lord Palmerston.",Pieter Joseph de Pannemaeker,lithograaf,1876,http://www.geonames.org/2797657/,"in opdracht van het tijdschrift Bulletin d'arboriculture, de floriculture et de culture potagère",Pêche Lord Palmerston,http://limo.libis.be/KULeuven:ALL_CONTENT:32LIBIS_ALMA_DS71136479930001471,"225,0 mm","145,0 mm",papier,2010,schenking,Erfgoedbibliotheek Hendrik Conscience,https://creativecommons.org/publicdomain/mark/1.0/,https://creativecommons.org/publicdomain/zero/1.0/
4245,https://hetvirtueleland.be/cag/lithograph/id/4245,http://resolver.libis.be/IE1501282,https://hetvirtueleland.be/cag/lithograph/data/4245,Lithografie van de peervariëteit Monchallard,"Lithografie van de peervariëteit Monchallard, Pieter Joseph de Pannemaeker, 1877, Centrum Agrarische Geschiedenis (CAG)",chromolithografie,http://vocab.getty.edu/aat/300053272,chromolithography,Centrum Agrarische Geschiedenis (CAG),Bibliotheek Centrum Agrarische Geschiedenis,"Deze litho verscheen in het tijdschrift Bulletin d'arboriculture, de floriculture et de culture potagère (later Bulletins d'arboriculture, de culture potagère et de floriculture), een uitgave van de Cercle d'arboriculture de Belgique, gesticht in 1864 in Gent. De redactie was aanvankelijk in handen van Fr. Burvenich, Éd. Pynaert, Ém. Rodigas en H.J. Van Hulle, lesgevers aan de Staatstuinbouwschool van Gent, verbonden met de Kruidtuin van de Gentse universiteit. Het gaat om de peervariëteit Monchallard.",Pieter Joseph de Pannemaeker,lithograaf,1877,http://www.geonames.org/2797657/,"in opdracht van het tijdschrift Bulletin d'arboriculture, de floriculture et de culture potagère",Poire Monchallard,http://limo.libis.be/KULeuven:ALL_CONTENT:32LIBIS_ALMA_DS71136479930001471,"225,0 mm","145,0 mm",papier,2010,schenking,Erfgoedbibliotheek Hendrik Conscience,https://creativecommons.org/publicdomain/mark/1.0/,https://creativecommons.org/publicdomain/zero/1.0/
4246,https://hetvirtueleland.be/cag/lithograph/id/4246,http://resolver.libis.be/IE1501287,https://hetvirtueleland.be/cag/lithograph/data/4246,Lithografie van de druivenvariëteit Foster White Seedling,"Lithografie van de druivenvariëteit Foster White Seedling, Pieter Joseph de Pannemaeker, 1877, Centrum Agrarische Geschiedenis (CAG)",chromolithografie,http://vocab.getty.edu/aat/300053272,chromolithography,Centrum Agrarische Geschiedenis (CAG),Bibliotheek Centrum Agrarische Geschiedenis,"Deze litho verscheen in het tijdschrift Bulletin d'arboriculture, de floriculture et de culture potagère (later Bulletins d'arboriculture, de culture potagère et de floriculture), een uitgave van de Cercle d'arboriculture de Belgique, gesticht in 1864 in Gent. De redactie was aanvankelijk in handen van Fr. Burvenich, Éd. Pynaert, Ém. Rodigas en H.J. Van Hulle, lesgevers aan de Staatstuinbouwschool van Gent, verbonden met de Kruidtuin van de Gentse universiteit. Het gaat om de druivenvariëteit Foster White Seedling.",Pieter Joseph de Pannemaeker,lithograaf,1877,http://www.geonames.org/2797657/,"in opdracht van het tijdschrift Bulletin d'arboriculture, de floriculture et de culture potagère",Raisin Foster White Seedling,http://limo.libis.be/KULeuven:ALL_CONTENT:32LIBIS_ALMA_DS71136479930001471,"225,0 mm","145,0 mm",papier,2010,schenking,Erfgoedbibliotheek Hendrik Conscience,https://creativecommons.org/publicdomain/mark/1.0/,https://creativecommons.org/publicdomain/zero/1.0/
4247,https://hetvirtueleland.be/cag/lithograph/id/4247,http://resolver.libis.be/IE1501292,https://hetvirtueleland.be/cag/lithograph/data/4247,Lithografie van de peervariëteit Beurré Chaboceau,"Lithografie van de peervariëteit Beurré Chaboceau, Pieter Joseph de Pannemaeker, 1878, Centrum Agrarische Geschiedenis (CAG)",chromolithografie,http://vocab.getty.edu/aat/300053272,chromolithography,Centrum Agrarische Geschiedenis (CAG),Bibliotheek Centrum Agrarische Geschiedenis,"Deze litho verscheen in het tijdschrift Bulletin d'arboriculture, de floriculture et de culture potagère (later Bulletins d'arboriculture, de culture potagère et de floriculture), een uitgave van de Cercle d'arboriculture de Belgique, gesticht in 1864 in Gent. De redactie was aanvankelijk in handen van Fr. Burvenich, Éd. Pynaert, Ém. Rodigas en H.J. Van Hulle, lesgevers aan de Staatstuinbouwschool van Gent, verbonden met de Kruidtuin van de Gentse universiteit. Het gaat om de boterpeer Chaboceau, beter gekend als de Jefkespeer.",Pieter Joseph de Pannemaeker,lithograaf,1878,http://www.geonames.org/2797657/,"in opdracht van het tijdschrift Bulletin d'arboriculture, de floriculture et de culture potagère",Beurré Chaboceau,http://limo.libis.be/KULeuven:ALL_CONTENT:32LIBIS_ALMA_DS71136479930001471,"225,0 mm","145,0 mm",papier,2010,schenking,Erfgoedbibliotheek Hendrik Conscience,https://creativecommons.org/publicdomain/mark/1.0/,https://creativecommons.org/publicdomain/zero/1.0/
4248,https://hetvirtueleland.be/cag/lithograph/id/4248,http://resolver.libis.be/IE1501297,https://hetvirtueleland.be/cag/lithograph/data/4248,Lithografie van de appelvariëteit Calville de St-Sauveur,"Lithografie van de appelvariëteit Calville de St-Sauveur, Pieter Joseph de Pannemaeker, 1878, Centrum Agrarische Geschiedenis (CAG)",chromolithografie,http://vocab.getty.edu/aat/300053272,chromolithography,Centrum Agrarische Geschiedenis (CAG),Bibliotheek Centrum Agrarische Geschiedenis,"Deze litho verscheen in het tijdschrift Bulletin d'arboriculture, de floriculture et de culture potagère (later Bulletins d'arboriculture, de culture potagère et de floriculture), een uitgave van de Cercle d'arboriculture de Belgique, gesticht in 1864 in Gent. De redactie was aanvankelijk in handen van Fr. Burvenich, Éd. Pynaert, Ém. Rodigas en H.J. Van Hulle, lesgevers aan de Staatstuinbouwschool van Gent, verbonden met de Kruidtuin van de Gentse universiteit. Het gaat om de appelvariëteit Calville de St-Sauveur.",Pieter Joseph de Pannemaeker,lithograaf,1878,http://www.geonames.org/2797657/,"in opdracht van het tijdschrift Bulletin d'arboriculture, de floriculture et de culture potagère",Pomme Calville de St-Sauveur,http://limo.libis.be/KULeuven:ALL_CONTENT:32LIBIS_ALMA_DS71136479930001471,"225,0 mm","145,0 mm",papier,2010,schenking,Erfgoedbibliotheek Hendrik Conscience,https://creativecommons.org/publicdomain/mark/1.0/,https://creativecommons.org/publicdomain/zero/1.0/
4249,https://hetvirtueleland.be/cag/lithograph/id/4249,http://resolver.libis.be/IE1501302,https://hetvirtueleland.be/cag/lithograph/data/4249,Lithografie van de appelvariëteit Jacques Lebel,"Lithografie van de appelvariëteit Jacques Lebel, Pieter Joseph de Pannemaeker, 1875, Centrum Agrarische Geschiedenis (CAG)",chromolithografie,http://vocab.getty.edu/aat/300053272,chromolithography,Centrum Agrarische Geschiedenis (CAG),Bibliotheek Centrum Agrarische Geschiedenis,"Deze litho verscheen in het tijdschrift Bulletin d'arboriculture, de floriculture et de culture potagère (later Bulletins d'arboriculture, de culture potagère et de floriculture), een uitgave van de Cercle d'arboriculture de Belgique, gesticht in 1864 in Gent. De redactie was aanvankelijk in handen van Fr. Burvenich, Éd. Pynaert, Ém. Rodigas en H.J. Van Hulle, lesgevers aan de Staatstuinbouwschool van Gent, verbonden met de Kruidtuin van de Gentse universiteit. Het gaat om de appelvariëteit Jacques Lebel.",Pieter Joseph de Pannemaeker,lithograaf,1875,http://www.geonames.org/2797657/,"in opdracht van het tijdschrift Bulletin d'arboriculture, de floriculture et de culture potagère",Pomme Jacques Lebel,http://limo.libis.be/KULeuven:ALL_CONTENT:32LIBIS_ALMA_DS71136479930001471,"225,0 mm","145,0 mm",papier,2010,schenking,Erfgoedbibliotheek Hendrik Conscience,https://creativecommons.org/publicdomain/mark/1.0/,https://creativecommons.org/publicdomain/zero/1.0/
4250,https://hetvirtueleland.be/cag/lithograph/id/4250,http://resolver.libis.be/IE1501307,https://hetvirtueleland.be/cag/lithograph/data/4250,Lithografie van de peervariëteit Beurré Spae,"Lithografie van de peervariëteit Beurré Spae, Pieter Joseph de Pannemaeker, 1876, Centrum Agrarische Geschiedenis (CAG)",chromolithografie,http://vocab.getty.edu/aat/300053272,chromolithography,Centrum Agrarische Geschiedenis (CAG),Bibliotheek Centrum Agrarische Geschiedenis,"Deze litho verscheen in het tijdschrift Bulletin d'arboriculture, de floriculture et de culture potagère (later Bulletins d'arboriculture, de culture potagère et de floriculture), een uitgave van de Cercle d'arboriculture de Belgique, gesticht in 1864 in Gent. De redactie was aanvankelijk in handen van Fr. Burvenich, Éd. Pynaert, Ém. Rodigas en H.J. Van Hulle, lesgevers aan de Staatstuinbouwschool van Gent, verbonden met de Kruidtuin van de Gentse universiteit. Het gaat om de boterpeer Spae.",Pieter Joseph de Pannemaeker,lithograaf,1876,http://www.geonames.org/2797657/,"in opdracht van het tijdschrift Bulletin d'arboriculture, de floriculture et de culture potagère",Beurré Spae,http://limo.libis.be/KULeuven:ALL_CONTENT:32LIBIS_ALMA_DS71136479930001471,"225,0 mm","145,0 mm",papier,2010,schenking,Erfgoedbibliotheek Hendrik Conscience,https://creativecommons.org/publicdomain/mark/1.0/,https://creativecommons.org/publicdomain/zero/1.0/
4251,https://hetvirtueleland.be/cag/lithograph/id/4251,http://resolver.libis.be/IE1501312,https://hetvirtueleland.be/cag/lithograph/data/4251,Lithografie van de coloradokever,"Lithografie van de coloradokever, Pieter Joseph de Pannemaeker, 1877, Centrum Agrarische Geschiedenis (CAG)",chromolithografie,http://vocab.getty.edu/aat/300053272,chromolithography,Centrum Agrarische Geschiedenis (CAG),Bibliotheek Centrum Agrarische Geschiedenis,"Deze litho verscheen in het tijdschrift Bulletin d'arboriculture, de floriculture et de culture potagère (later Bulletins d'arboriculture, de culture potagère et de floriculture), een uitgave van de Cercle d'arboriculture de Belgique, gesticht in 1864 in Gent. De redactie was aanvankelijk in handen van Fr. Burvenich, Éd. Pynaert, Ém. Rodigas en H.J. Van Hulle, lesgevers aan de Staatstuinbouwschool van Gent, verbonden met de Kruidtuin van de Gentse universiteit. De coloradokever wordt afgebeeld.",Pieter Joseph de Pannemaeker,lithograaf,1877,http://www.geonames.org/2797657/,"in opdracht van het tijdschrift Bulletin d'arboriculture, de floriculture et de culture potagère",Le nouvel ennemi de la pomme de terre.,http://limo.libis.be/KULeuven:ALL_CONTENT:32LIBIS_ALMA_DS71136479930001471,"225,0 mm","145,0 mm",papier,2010,schenking,Erfgoedbibliotheek Hendrik Conscience,https://creativecommons.org/publicdomain/mark/1.0/,https://creativecommons.org/publicdomain/zero/1.0/
4252,https://hetvirtueleland.be/cag/lithograph/id/4252,http://resolver.libis.be/IE1501317,https://hetvirtueleland.be/cag/lithograph/data/4252,Lithografie van de peervariëteit Doyenné d'Alençon,"Lithografie van de peervariëteit Doyenné d'Alençon, Pieter Joseph de Pannemaeker, 1878, Centrum Agrarische Geschiedenis (CAG)",chromolithografie,http://vocab.getty.edu/aat/300053272,chromolithography,Centrum Agrarische Geschiedenis (CAG),Bibliotheek Centrum Agrarische Geschiedenis,"Deze litho verscheen in het tijdschrift Bulletin d'arboriculture, de floriculture et de culture potagère (later Bulletins d'arboriculture, de culture potagère et de floriculture), een uitgave van de Cercle d'arboriculture de Belgique, gesticht in 1864 in Gent. De redactie was aanvankelijk in handen van Fr. Burvenich, Éd. Pynaert, Ém. Rodigas en H.J. Van Hulle, lesgevers aan de Staatstuinbouwschool van Gent, verbonden met de Kruidtuin van de Gentse universiteit. Het gaat om de peervariëteit Doyenné d'Aleçon.",Pieter Joseph de Pannemaeker,lithograaf,1878,http://www.geonames.org/2797657/,"in opdracht van het tijdschrift Bulletin d'arboriculture, de floriculture et de culture potagère",Doyenné d'Alençon,http://limo.libis.be/KULeuven:ALL_CONTENT:32LIBIS_ALMA_DS71136479930001471,"225,0 mm","145,0 mm",papier,2010,schenking,Erfgoedbibliotheek Hendrik Conscience,https://creativecommons.org/publicdomain/mark/1.0/,https://creativecommons.org/publicdomain/zero/1.0/
4253,https://hetvirtueleland.be/cag/lithograph/id/4253,http://resolver.libis.be/IE1501322,https://hetvirtueleland.be/cag/lithograph/data/4253,Lithografie van de druivenvariëteit Cavoush,"Lithografie van de druivenvariëteit Cavoush, Pieter Joseph de Pannemaeker, 1882, Centrum Agrarische Geschiedenis (CAG)",chromolithografie,http://vocab.getty.edu/aat/300053272,chromolithography,Centrum Agrarische Geschiedenis (CAG),Bibliotheek Centrum Agrarische Geschiedenis,"Deze litho verscheen in het tijdschrift Bulletin d'arboriculture, de floriculture et de culture potagère (later Bulletins d'arboriculture, de culture potagère et de floriculture), een uitgave van de Cercle d'arboriculture de Belgique, gesticht in 1864 in Gent. De redactie was aanvankelijk in handen van Fr. Burvenich, Éd. Pynaert, Ém. Rodigas en H.J. Van Hulle, lesgevers aan de Staatstuinbouwschool van Gent, verbonden met de Kruidtuin van de Gentse universiteit. Het gaat om de druivenvariëteit Cavoush.",Pieter Joseph de Pannemaeker,lithograaf,1882,http://www.geonames.org/2797657/,"in opdracht van het tijdschrift Bulletin d'arboriculture, de floriculture et de culture potagère",Raisin Cavoush,http://limo.libis.be/KULeuven:ALL_CONTENT:32LIBIS_ALMA_DS71136479930001471,"225,0 mm","145,0 mm",papier,2010,schenking,Erfgoedbibliotheek Hendrik Conscience,https://creativecommons.org/publicdomain/mark/1.0/,https://creativecommons.org/publicdomain/zero/1.0/
4254,https://hetvirtueleland.be/cag/lithograph/id/4254,http://resolver.libis.be/IE1501327,https://hetvirtueleland.be/cag/lithograph/data/4254,Lithografie van de peervariëteit Marie Benoist,"Lithografie van de peervariëteit Marie Benoist, Pieter Joseph de Pannemaeker, 1905, Centrum Agrarische Geschiedenis (CAG)",chromolithografie,http://vocab.getty.edu/aat/300053272,chromolithography,Centrum Agrarische Geschiedenis (CAG),Bibliotheek Centrum Agrarische Geschiedenis,"Deze litho verscheen in het tijdschrift Bulletin d'arboriculture, de floriculture et de culture potagère (later Bulletins d'arboriculture, de culture potagère et de floriculture), een uitgave van de Cercle d'arboriculture de Belgique, gesticht in 1864 in Gent. De redactie was aanvankelijk in handen van Fr. Burvenich, Éd. Pynaert, Ém. Rodigas en H.J. Van Hulle, lesgevers aan de Staatstuinbouwschool van Gent, verbonden met de Kruidtuin van de Gentse universiteit. Het gaat om de peervariëteit Marie Benoist.",Pieter Joseph de Pannemaeker,lithograaf,1905,http://www.geonames.org/2797657/,"in opdracht van het tijdschrift Bulletin d'arboriculture, de floriculture et de culture potagère",Poire Marie Benoist,http://limo.libis.be/KULeuven:ALL_CONTENT:32LIBIS_ALMA_DS71136479930001471,"225,0 mm","145,0 mm",papier,2010,schenking,Erfgoedbibliotheek Hendrik Conscience,https://creativecommons.org/publicdomain/mark/1.0/,https://creativecommons.org/publicdomain/zero/1.0/
4255,https://hetvirtueleland.be/cag/lithograph/id/4255,http://resolver.libis.be/IE1501332,https://hetvirtueleland.be/cag/lithograph/data/4255,Lithografie van de peervariëteit Doyenné Jamin,"Lithografie van de peervariëteit Doyenné Jamin, Pieter Joseph de Pannemaeker, 1875, Centrum Agrarische Geschiedenis (CAG)",chromolithografie,http://vocab.getty.edu/aat/300053272,chromolithography,Centrum Agrarische Geschiedenis (CAG),Bibliotheek Centrum Agrarische Geschiedenis,"Deze litho verscheen in het tijdschrift Bulletin d'arboriculture, de floriculture et de culture potagère (later Bulletins d'arboriculture, de culture potagère et de floriculture), een uitgave van de Cercle d'arboriculture de Belgique, gesticht in 1864 in Gent. De redactie was aanvankelijk in handen van Fr. Burvenich, Éd. Pynaert, Ém. Rodigas en H.J. Van Hulle, lesgevers aan de Staatstuinbouwschool van Gent, verbonden met de Kruidtuin van de Gentse universiteit. Het gaat om de peervariëteit Doyenné Jamin.",Pieter Joseph de Pannemaeker,lithograaf,1875,http://www.geonames.org/2797657/,"in opdracht van het tijdschrift Bulletin d'arboriculture, de floriculture et de culture potagère",Doynenné Jamin,http://limo.libis.be/KULeuven:ALL_CONTENT:32LIBIS_ALMA_DS71136479930001471,"225,0 mm","145,0 mm",papier,2010,schenking,Erfgoedbibliotheek Hendrik Conscience,https://creativecommons.org/publicdomain/mark/1.0/,https://creativecommons.org/publicdomain/zero/1.0/
4256,https://hetvirtueleland.be/cag/lithograph/id/4256,http://resolver.libis.be/IE1501337,https://hetvirtueleland.be/cag/lithograph/data/4256,Lithografie van de appelvariëteit Bergamotte Arsène Sannier,"Lithografie van de appelvariëteit Bergamotte Arsène Sannier, Pieter Joseph de Pannemaeker, 1877, Centrum Agrarische Geschiedenis (CAG)",chromolithografie,http://vocab.getty.edu/aat/300053272,chromolithography,Centrum Agrarische Geschiedenis (CAG),Bibliotheek Centrum Agrarische Geschiedenis,"Deze litho verscheen in het tijdschrift Bulletin d'arboriculture, de floriculture et de culture potagère (later Bulletins d'arboriculture, de culture potagère et de floriculture), een uitgave van de Cercle d'arboriculture de Belgique, gesticht in 1864 in Gent. De redactie was aanvankelijk in handen van Fr. Burvenich, Éd. Pynaert, Ém. Rodigas en H.J. Van Hulle, lesgevers aan de Staatstuinbouwschool van Gent, verbonden met de Kruidtuin van de Gentse universiteit. Het gaat om de appelvariëteit Bergamotte Arsène Sannier.",Pieter Joseph de Pannemaeker,lithograaf,1877,http://www.geonames.org/2797657/,"in opdracht van het tijdschrift Bulletin d'arboriculture, de floriculture et de culture potagère",Bergamotte Arsène Sannier,http://limo.libis.be/KULeuven:ALL_CONTENT:32LIBIS_ALMA_DS71136479930001471,"225,0 mm","145,0 mm",papier,2010,schenking,Erfgoedbibliotheek Hendrik Conscience,https://creativecommons.org/publicdomain/mark/1.0/,https://creativecommons.org/publicdomain/zero/1.0/
4257,https://hetvirtueleland.be/cag/lithograph/id/4257,http://resolver.libis.be/IE1501342,https://hetvirtueleland.be/cag/lithograph/data/4257,Lithografie van de peervariëteit Howell,"Lithografie van de peervariëteit Howell, Pieter Joseph de Pannemaeker, 1875, Centrum Agrarische Geschiedenis (CAG)",chromolithografie,http://vocab.getty.edu/aat/300053272,chromolithography,Centrum Agrarische Geschiedenis (CAG),Bibliotheek Centrum Agrarische Geschiedenis,"Deze litho verscheen in het tijdschrift Bulletin d'arboriculture, de floriculture et de culture potagère (later Bulletins d'arboriculture, de culture potagère et de floriculture), een uitgave van de Cercle d'arboriculture de Belgique, gesticht in 1864 in Gent. De redactie was aanvankelijk in handen van Fr. Burvenich, Éd. Pynaert, Ém. Rodigas en H.J. Van Hulle, lesgevers aan de Staatstuinbouwschool van Gent, verbonden met de Kruidtuin van de Gentse universiteit. Het gaat om de peervariëteit Howell.",Pieter Joseph de Pannemaeker,lithograaf,1875,http://www.geonames.org/2797657/,"in opdracht van het tijdschrift Bulletin d'arboriculture, de floriculture et de culture potagère",Poire Howell,http://limo.libis.be/KULeuven:ALL_CONTENT:32LIBIS_ALMA_DS71136479930001471,"225,0 mm","145,0 mm",papier,2010,schenking,Erfgoedbibliotheek Hendrik Conscience,https://creativecommons.org/publicdomain/mark/1.0/,https://creativecommons.org/publicdomain/zero/1.0/
4258,https://hetvirtueleland.be/cag/lithograph/id/4258,http://resolver.libis.be/IE1501347,https://hetvirtueleland.be/cag/lithograph/data/4258,Lithografie van peervariëteit Williams Duchess,"Lithografie van peervariëteit Williams Duchess, Pieter Joseph de Pannemaeker, 1876, Centrum Agrarische Geschiedenis (CAG)",chromolithografie,http://vocab.getty.edu/aat/300053272,chromolithography,Centrum Agrarische Geschiedenis (CAG),Bibliotheek Centrum Agrarische Geschiedenis,"Deze litho verscheen in het tijdschrift Bulletin d'arboriculture, de floriculture et de culture potagère (later Bulletins d'arboriculture, de culture potagère et de floriculture), een uitgave van de Cercle d'arboriculture de Belgique, gesticht in 1864 in Gent. De redactie was aanvankelijk in handen van Fr. Burvenich, Éd. Pynaert, Ém. Rodigas en H.J. Van Hulle, lesgevers aan de Staatstuinbouwschool van Gent, verbonden met de Kruidtuin van de Gentse universiteit. Het gaat om de peervariëteit Williams Duchess.",Pieter Joseph de Pannemaeker,lithograaf,1876,http://www.geonames.org/2797657/,"in opdracht van het tijdschrift Bulletin d'arboriculture, de floriculture et de culture potagère",Poire Williams Duchess,http://limo.libis.be/KULeuven:ALL_CONTENT:32LIBIS_ALMA_DS71136479930001471,"225,0 mm","145,0 mm",papier,2010,schenking,Erfgoedbibliotheek Hendrik Conscience,https://creativecommons.org/publicdomain/mark/1.0/,https://creativecommons.org/publicdomain/zero/1.0/
4259,https://hetvirtueleland.be/cag/lithograph/id/4259,http://resolver.libis.be/IE1501352,https://hetvirtueleland.be/cag/lithograph/data/4259,Lithografie van de mispelvariëteit met grote vruchten,"Lithografie van de mispelvariëteit met grote vruchten, Pieter Joseph de Pannemaeker, 1877, Centrum Agrarische Geschiedenis (CAG)",chromolithografie,http://vocab.getty.edu/aat/300053272,chromolithography,Centrum Agrarische Geschiedenis (CAG),Bibliotheek Centrum Agrarische Geschiedenis,"Deze litho verscheen in het tijdschrift Bulletin d'arboriculture, de floriculture et de culture potagère (later Bulletins d'arboriculture, de culture potagère et de floriculture), een uitgave van de Cercle d'arboriculture de Belgique, gesticht in 1864 in Gent. De redactie was aanvankelijk in handen van Fr. Burvenich, Éd. Pynaert, Ém. Rodigas en H.J. Van Hulle, lesgevers aan de Staatstuinbouwschool van Gent, verbonden met de Kruidtuin van de Gentse universiteit. Het gaat om de mispelvariëteit met grote vruchten.",Pieter Joseph de Pannemaeker,lithograaf,1877,http://www.geonames.org/2797657/,"in opdracht van het tijdschrift Bulletin d'arboriculture, de floriculture et de culture potagère",Néflier à gros fruits,http://limo.libis.be/KULeuven:ALL_CONTENT:32LIBIS_ALMA_DS71136479930001471,"225,0 mm","145,0 mm",papier,2010,schenking,Erfgoedbibliotheek Hendrik Conscience,https://creativecommons.org/publicdomain/mark/1.0/,https://creativecommons.org/publicdomain/zero/1.0/
4260,https://hetvirtueleland.be/cag/lithograph/id/4260,http://resolver.libis.be/IE1501357,https://hetvirtueleland.be/cag/lithograph/data/4260,Lithografie van de peervariëteit Beurré St-François,"Lithografie van de peervariëteit Beurré St-François, Pieter Joseph de Pannemaeker, 1878, Centrum Agrarische Geschiedenis (CAG)",chromolithografie,http://vocab.getty.edu/aat/300053272,chromolithography,Centrum Agrarische Geschiedenis (CAG),Bibliotheek Centrum Agrarische Geschiedenis,"Deze litho verscheen in het tijdschrift Bulletin d'arboriculture, de floriculture et de culture potagère (later Bulletins d'arboriculture, de culture potagère et de floriculture), een uitgave van de Cercle d'arboriculture de Belgique, gesticht in 1864 in Gent. De redactie was aanvankelijk in handen van Fr. Burvenich, Éd. Pynaert, Ém. Rodigas en H.J. Van Hulle, lesgevers aan de Staatstuinbouwschool van Gent, verbonden met de Kruidtuin van de Gentse universiteit. Het gaat om de peervariëteit Beurré St François (boterpeer).",Pieter Joseph de Pannemaeker,lithograaf,1878,http://www.geonames.org/2797657/,"in opdracht van het tijdschrift Bulletin d'arboriculture, de floriculture et de culture potagère",Beurré St-François,http://limo.libis.be/KULeuven:ALL_CONTENT:32LIBIS_ALMA_DS71136479930001471,"225,0 mm","145,0 mm",papier,2010,schenking,Erfgoedbibliotheek Hendrik Conscience,https://creativecommons.org/publicdomain/mark/1.0/,https://creativecommons.org/publicdomain/zero/1.0/
4261,https://hetvirtueleland.be/cag/lithograph/id/4261,http://resolver.libis.be/IE1501362,https://hetvirtueleland.be/cag/lithograph/data/4261,Lithografie van de pruimenvariëteit Victoria,"Lithografie van de pruimenvariëteit Victoria, Pieter Joseph de Pannemaeker, 1875, Centrum Agrarische Geschiedenis (CAG)",chromolithografie,http://vocab.getty.edu/aat/300053272,chromolithography,Centrum Agrarische Geschiedenis (CAG),Bibliotheek Centrum Agrarische Geschiedenis,"Deze litho verscheen in het tijdschrift Bulletin d'arboriculture, de floriculture et de culture potagère (later Bulletins d'arboriculture, de culture potagère et de floriculture), een uitgave van de Cercle d'arboriculture de Belgique, gesticht in 1864 in Gent. De redactie was aanvankelijk in handen van Fr. Burvenich, Éd. Pynaert, Ém. Rodigas en H.J. Van Hulle, lesgevers aan de Staatstuinbouwschool van Gent, verbonden met de Kruidtuin van de Gentse universiteit. Het gaat om de pruimenvariëteit Victoria.",Pieter Joseph de Pannemaeker,lithograaf,1875,http://www.geonames.org/2797657/,"in opdracht van het tijdschrift Bulletin d'arboriculture, de floriculture et de culture potagère",Prune Victoria,http://limo.libis.be/KULeuven:ALL_CONTENT:32LIBIS_ALMA_DS71136479930001471,"225,0 mm","145,0 mm",papier,2010,schenking,Erfgoedbibliotheek Hendrik Conscience,https://creativecommons.org/publicdomain/mark/1.0/,https://creativecommons.org/publicdomain/zero/1.0/
4262,https://hetvirtueleland.be/cag/lithograph/id/4262,http://resolver.libis.be/IE1501367,https://hetvirtueleland.be/cag/lithograph/data/4262,Lithografie van de druivenvariëteit Comte de Kerckhove,"Lithografie van de druivenvariëteit Comte de Kerckhove, Pieter Joseph de Pannemaeker, 1876, Centrum Agrarische Geschiedenis (CAG)",chromolithografie,http://vocab.getty.edu/aat/300053272,chromolithography,Centrum Agrarische Geschiedenis (CAG),Bibliotheek Centrum Agrarische Geschiedenis,"Deze litho verscheen in het tijdschrift Bulletin d'arboriculture, de floriculture et de culture potagère (later Bulletins d'arboriculture, de culture potagère et de floriculture), een uitgave van de Cercle d'arboriculture de Belgique, gesticht in 1864 in Gent. De redactie was aanvankelijk in handen van Fr. Burvenich, Éd. Pynaert, Ém. Rodigas en H.J. Van Hulle, lesgevers aan de Staatstuinbouwschool van Gent, verbonden met de Kruidtuin van de Gentse universiteit. Het gaat om de druifvenvariëteit Comte de Kerckhove.",Pieter Joseph de Pannemaeker,lithograaf,1876,http://www.geonames.org/2797657/,"in opdracht van het tijdschrift Bulletin d'arboriculture, de floriculture et de culture potagère",Raisin Comte de Kerckhove,http://limo.libis.be/KULeuven:ALL_CONTENT:32LIBIS_ALMA_DS71136479930001471,"225,0 mm","145,0 mm",papier,2010,schenking,Erfgoedbibliotheek Hendrik Conscience,https://creativecommons.org/publicdomain/mark/1.0/,https://creativecommons.org/publicdomain/zero/1.0/
4263,https://hetvirtueleland.be/cag/lithograph/id/4263,http://resolver.libis.be/IE1501372,https://hetvirtueleland.be/cag/lithograph/data/4263,Lithografie van de peervariëteit Duchesse d'Angoulême panachée,"Lithografie van de peervariëteit Duchesse d'Angoulême panachée, Pieter Joseph de Pannemaeker, 1877, Centrum Agrarische Geschiedenis (CAG)",chromolithografie,http://vocab.getty.edu/aat/300053272,chromolithography,Centrum Agrarische Geschiedenis (CAG),Bibliotheek Centrum Agrarische Geschiedenis,"Deze litho verscheen in het tijdschrift Bulletin d'arboriculture, de floriculture et de culture potagère (later Bulletins d'arboriculture, de culture potagère et de floriculture), een uitgave van de Cercle d'arboriculture de Belgique, gesticht in 1864 in Gent. De redactie was aanvankelijk in handen van Fr. Burvenich, Éd. Pynaert, Ém. Rodigas en H.J. Van Hulle, lesgevers aan de Staatstuinbouwschool van Gent, verbonden met de Kruidtuin van de Gentse universiteit. Het gaat om de peervariëteit Duchesse d'Angoulême panachée.",Pieter Joseph de Pannemaeker,lithograaf,1877,http://www.geonames.org/2797657/,"in opdracht van het tijdschrift Bulletin d'arboriculture, de floriculture et de culture potagère",Poire Duchesse d'Angoulême panachée,http://limo.libis.be/KULeuven:ALL_CONTENT:32LIBIS_ALMA_DS71136479930001471,"225,0 mm","145,0 mm",papier,2010,schenking,Erfgoedbibliotheek Hendrik Conscience,https://creativecommons.org/publicdomain/mark/1.0/,https://creativecommons.org/publicdomain/zero/1.0/
4264,https://hetvirtueleland.be/cag/lithograph/id/4264,http://resolver.libis.be/IE1501377,https://hetvirtueleland.be/cag/lithograph/data/4264,Lithografie van de kersenvariëteit Leopold II,"Lithografie van de kersenvariëteit Leopold II, Pieter Joseph de Pannemaeker, 1878, Centrum Agrarische Geschiedenis (CAG)",chromolithografie,http://vocab.getty.edu/aat/300053272,chromolithography,Centrum Agrarische Geschiedenis (CAG),Bibliotheek Centrum Agrarische Geschiedenis,"Deze litho verscheen in het tijdschrift Bulletin d'arboriculture, de floriculture et de culture potagère (later Bulletins d'arboriculture, de culture potagère et de floriculture), een uitgave van de Cercle d'arboriculture de Belgique, gesticht in 1864 in Gent. De redactie was aanvankelijk in handen van Fr. Burvenich, Éd. Pynaert, Ém. Rodigas en H.J. Van Hulle, lesgevers aan de Staatstuinbouwschool van Gent, verbonden met de Kruidtuin van de Gentse universiteit. Het gaat om de kersenvariëteit Leopold II.",Pieter Joseph de Pannemaeker,lithograaf,1878,http://www.geonames.org/2797657/,"in opdracht van het tijdschrift Bulletin d'arboriculture, de floriculture et de culture potagère",Cérise Léopold II,http://limo.libis.be/KULeuven:ALL_CONTENT:32LIBIS_ALMA_DS71136479930001471,"225,0 mm","145,0 mm",papier,2010,schenking,Erfgoedbibliotheek Hendrik Conscience,https://creativecommons.org/publicdomain/mark/1.0/,https://creativecommons.org/publicdomain/zero/1.0/
4265,https://hetvirtueleland.be/cag/lithograph/id/4265,http://resolver.libis.be/IE1501382,https://hetvirtueleland.be/cag/lithograph/data/4265,Lithografie van de appelvariëteit Royal Pearmain,"Lithografie van de appelvariëteit Royal Pearmain, Pieter Joseph de Pannemaeker, 1903, Centrum Agrarische Geschiedenis (CAG)",chromolithografie,http://vocab.getty.edu/aat/300053272,chromolithography,Centrum Agrarische Geschiedenis (CAG),Bibliotheek Centrum Agrarische Geschiedenis,"Deze litho verscheen in het tijdschrift Bulletin d'arboriculture, de floriculture et de culture potagère (later Bulletins d'arboriculture, de culture potagère et de floriculture), een uitgave van de Cercle d'arboriculture de Belgique, gesticht in 1864 in Gent. De redactie was aanvankelijk in handen van Fr. Burvenich, Éd. Pynaert, Ém. Rodigas en H.J. Van Hulle, lesgevers aan de Staatstuinbouwschool van Gent, verbonden met de Kruidtuin van de Gentse universiteit. Het gaat om de appelvariëteit Royal Pearmain.",Pieter Joseph de Pannemaeker,lithograaf,1903,http://www.geonames.org/2797657/,"in opdracht van het tijdschrift Bulletin d'arboriculture, de floriculture et de culture potagère",Royal Pearmain,http://limo.libis.be/KULeuven:ALL_CONTENT:32LIBIS_ALMA_DS71136479930001471,"225,0 mm","145,0 mm",papier,2010,schenking,Erfgoedbibliotheek Hendrik Conscience,https://creativecommons.org/publicdomain/mark/1.0/,https://creativecommons.org/publicdomain/zero/1.0/
4266,https://hetvirtueleland.be/cag/lithograph/id/4266,http://resolver.libis.be/IE1501387,https://hetvirtueleland.be/cag/lithograph/data/4266,Lithografie van de nectarinevariëteit Brugnon Lord Napier,"Lithografie van de nectarinevariëteit Brugnon Lord Napier, Pieter Joseph de Pannemaeker, 1875, Centrum Agrarische Geschiedenis (CAG)",chromolithografie,http://vocab.getty.edu/aat/300053272,chromolithography,Centrum Agrarische Geschiedenis (CAG),Bibliotheek Centrum Agrarische Geschiedenis,"Deze litho verscheen in het tijdschrift Bulletin d'arboriculture, de floriculture et de culture potagère (later Bulletins d'arboriculture, de culture potagère et de floriculture), een uitgave van de Cercle d'arboriculture de Belgique, gesticht in 1864 in Gent. De redactie was aanvankelijk in handen van Fr. Burvenich, Éd. Pynaert, Ém. Rodigas en H.J. Van Hulle, lesgevers aan de Staatstuinbouwschool van Gent, verbonden met de Kruidtuin van de Gentse universiteit. Het gaat om de nectarinevariëteit Brugnon Lord Napier.",Pieter Joseph de Pannemaeker,lithograaf,1875,http://www.geonames.org/2797657/,"in opdracht van het tijdschrift Bulletin d'arboriculture, de floriculture et de culture potagère",Brugnon Lord Napier,http://limo.libis.be/KULeuven:ALL_CONTENT:32LIBIS_ALMA_DS71136479930001471,"225,0 mm","145,0 mm",papier,2010,schenking,Erfgoedbibliotheek Hendrik Conscience,https://creativecommons.org/publicdomain/mark/1.0/,https://creativecommons.org/publicdomain/zero/1.0/
4267,https://hetvirtueleland.be/cag/lithograph/id/4267,http://resolver.libis.be/IE1501397,https://hetvirtueleland.be/cag/lithograph/data/4267,Lithografie van de peervariëteit Beurré Du Bus,"Lithografie van de peervariëteit Beurré Du Bus, Pieter Joseph de Pannemaeker, 1876, Centrum Agrarische Geschiedenis (CAG)",chromolithografie,http://vocab.getty.edu/aat/300053272,chromolithography,Centrum Agrarische Geschiedenis (CAG),Bibliotheek Centrum Agrarische Geschiedenis,"Deze litho verscheen in het tijdschrift Bulletin d'arboriculture, de floriculture et de culture potagère (later Bulletins d'arboriculture, de culture potagère et de floriculture), een uitgave van de Cercle d'arboriculture de Belgique, gesticht in 1864 in Gent. De redactie was aanvankelijk in handen van Fr. Burvenich, Éd. Pynaert, Ém. Rodigas en H.J. Van Hulle, lesgevers aan de Staatstuinbouwschool van Gent, verbonden met de Kruidtuin van de Gentse universiteit. Het gaat om de peervarieteit Beurré Du Bus (boterpeer).",Pieter Joseph de Pannemaeker,lithograaf,1876,http://www.geonames.org/2797657/,"in opdracht van het tijdschrift Bulletin d'arboriculture, de floriculture et de culture potagère",Poire Beurré Du Bus,http://limo.libis.be/KULeuven:ALL_CONTENT:32LIBIS_ALMA_DS71136479930001471,"225,0 mm","145,0 mm",papier,2010,schenking,Erfgoedbibliotheek Hendrik Conscience,https://creativecommons.org/publicdomain/mark/1.0/,https://creativecommons.org/publicdomain/zero/1.0/
4268,https://hetvirtueleland.be/cag/lithograph/id/4268,http://resolver.libis.be/IE1501402,https://hetvirtueleland.be/cag/lithograph/data/4268,Lithografie van de peervariëteit Belle d'Ecully,"Lithografie van de peervariëteit Belle d'Ecully, Pieter Joseph de Pannemaeker, 1877, Centrum Agrarische Geschiedenis (CAG)",chromolithografie,http://vocab.getty.edu/aat/300053272,chromolithography,Centrum Agrarische Geschiedenis (CAG),Bibliotheek Centrum Agrarische Geschiedenis,"Deze litho verscheen in het tijdschrift Bulletin d'arboriculture, de floriculture et de culture potagère (later Bulletins d'arboriculture, de culture potagère et de floriculture), een uitgave van de Cercle d'arboriculture de Belgique, gesticht in 1864 in Gent. De redactie was aanvankelijk in handen van Fr. Burvenich, Éd. Pynaert, Ém. Rodigas en H.J. Van Hulle, lesgevers aan de Staatstuinbouwschool van Gent, verbonden met de Kruidtuin van de Gentse universiteit. Het gaat om de peervariëteit Belle d'Ecully.",Pieter Joseph de Pannemaeker,lithograaf,1877,http://www.geonames.org/2797657/,"in opdracht van het tijdschrift Bulletin d'arboriculture, de floriculture et de culture potagère",Poire Belle d'Ecully,http://limo.libis.be/KULeuven:ALL_CONTENT:32LIBIS_ALMA_DS71136479930001471,"225,0 mm","145,0 mm",papier,2010,schenking,Erfgoedbibliotheek Hendrik Conscience,https://creativecommons.org/publicdomain/mark/1.0/,https://creativecommons.org/publicdomain/zero/1.0/
4269,https://hetvirtueleland.be/cag/lithograph/id/4269,http://resolver.libis.be/IE1501407,https://hetvirtueleland.be/cag/lithograph/data/4269,Lithografie van de perzikvariëteit Liefmans,"Lithografie van de perzikvariëteit Liefmans, Pieter Joseph de Pannemaeker, 1878, Centrum Agrarische Geschiedenis (CAG)",chromolithografie,http://vocab.getty.edu/aat/300053272,chromolithography,Centrum Agrarische Geschiedenis (CAG),Bibliotheek Centrum Agrarische Geschiedenis,"Deze litho verscheen in het tijdschrift Bulletin d'arboriculture, de floriculture et de culture potagère (later Bulletins d'arboriculture, de culture potagère et de floriculture), een uitgave van de Cercle d'arboriculture de Belgique, gesticht in 1864 in Gent. De redactie was aanvankelijk in handen van Fr. Burvenich, Éd. Pynaert, Ém. Rodigas en H.J. Van Hulle, lesgevers aan de Staatstuinbouwschool van Gent, verbonden met de Kruidtuin van de Gentse universiteit. Het gaat om de perzikvariëteit Liefmans.",Pieter Joseph de Pannemaeker,lithograaf,1878,http://www.geonames.org/2797657/,"in opdracht van het tijdschrift Bulletin d'arboriculture, de floriculture et de culture potagère",Pêche Liefmans,http://limo.libis.be/KULeuven:ALL_CONTENT:32LIBIS_ALMA_DS71136479930001471,"225,0 mm","145,0 mm",papier,2010,schenking,Erfgoedbibliotheek Hendrik Conscience,https://creativecommons.org/publicdomain/mark/1.0/,https://creativecommons.org/publicdomain/zero/1.0/
4270,https://hetvirtueleland.be/cag/lithograph/id/4270,http://resolver.libis.be/IE1501412,https://hetvirtueleland.be/cag/lithograph/data/4270,Lithografie van de perzikpeer,"Lithografie van de perzikpeer, Pieter Joseph de Pannemaeker, 1875, Centrum Agrarische Geschiedenis (CAG)",chromolithografie,http://vocab.getty.edu/aat/300053272,chromolithography,Centrum Agrarische Geschiedenis (CAG),Bibliotheek Centrum Agrarische Geschiedenis,"Deze litho verscheen in het tijdschrift Bulletin d'arboriculture, de floriculture et de culture potagère (later Bulletin d'arboriculture, de culture potagère et de floriculture), een uitgave van de Cercle d'arboriculture de Belgique, gesticht in 1864 in Gent. De redactie was aanvankelijk in handen van Fr. Burvenich, Éd. Pynaert, Ém. Rodigas en H.J. Van Hulle, lesgevers aan de Staatstuinbouwschool van Gent, verbonden met de Kruidtuin van de Gentse universiteit. Het gaat om de perzikpeer.",Pieter Joseph de Pannemaeker,lithograaf,1875,http://www.geonames.org/2797657/,"in opdracht van het tijdschrift Bulletin d'arboriculture, de floriculture et de culture potagère",Poire pêche,http://limo.libis.be/KULeuven:ALL_CONTENT:32LIBIS_ALMA_DS71136479930001471,"225,0 mm","145,0 mm",papier,2010,schenking,Erfgoedbibliotheek Hendrik Conscience,https://creativecommons.org/publicdomain/mark/1.0/,https://creativecommons.org/publicdomain/zero/1.0/
4271,https://hetvirtueleland.be/cag/lithograph/id/4271,http://resolver.libis.be/IE1501417,https://hetvirtueleland.be/cag/lithograph/data/4271,Lithografie van de peervariëteit Beurré perpétuel,"Lithografie van de peervariëteit Beurré perpétuel, Pieter Joseph de Pannemaeker, 1876, Centrum Agrarische Geschiedenis (CAG)",chromolithografie,http://vocab.getty.edu/aat/300053272,chromolithography,Centrum Agrarische Geschiedenis (CAG),Bibliotheek Centrum Agrarische Geschiedenis,"Deze litho verscheen in het tijdschrift Bulletin d'arboriculture, de floriculture et de culture potagère (later Bulletin d'arboriculture, de culture potagère et de floriculture), een uitgave van de Cercle d'arboriculture de Belgique, gesticht in 1864 in Gent. De redactie was aanvankelijk in handen van Fr. Burvenich, Éd. Pynaert, Ém. Rodigas en H.J. Van Hulle, lesgevers aan de Staatstuinbouwschool van Gent, verbonden met de Kruidtuin van de Gentse universiteit. Het gaat om de boterpeer ""perpétuel"" (eeuwige), ook gekend als ""la Duchesse de Brabant"" (de hertogin van Brabant) of beurré gris (grijze boterpeer).",Pieter Joseph de Pannemaeker,lithograaf,1876,http://www.geonames.org/2797657/,"in opdracht van het tijdschrift Bulletin d'arboriculture, de floriculture et de culture potagère",Poire Beurré perpétuel,http://limo.libis.be/KULeuven:ALL_CONTENT:32LIBIS_ALMA_DS71136479930001471,"225,0 mm","145,0 mm",papier,2010,schenking,Erfgoedbibliotheek Hendrik Conscience,https://creativecommons.org/publicdomain/mark/1.0/,https://creativecommons.org/publicdomain/zero/1.0/
4272,https://hetvirtueleland.be/cag/lithograph/id/4272,http://resolver.libis.be/IE1501422,https://hetvirtueleland.be/cag/lithograph/data/4272,"Lithografie van de perzikvariëteit Golden Rathripe, ook genoemd Golden Cathérine","Lithografie van de perzikvariëteit Golden Rathripe, ook genoemd Golden Cathérine, Pieter Joseph de Pannemaeker, 1877, Centrum Agrarische Geschiedenis (CAG)",chromolithografie,http://vocab.getty.edu/aat/300053272,chromolithography,Centrum Agrarische Geschiedenis (CAG),Bibliotheek Centrum Agrarische Geschiedenis,"Deze litho verscheen in het tijdschrift Bulletin d'arboriculture, de floriculture et de culture potagère (later Bulletin d'arboriculture, de culture potagère et de floriculture), een uitgave van de Cercle d'arboriculture de Belgique, gesticht in 1864 in Gent. De redactie was aanvankelijk in handen van Fr. Burvenich, Éd. Pynaert, Ém. Rodigas en H.J. Van Hulle, lesgevers aan de Staatstuinbouwschool van Gent, verbonden met de Kruidtuin van de Gentse universiteit. Het gaat om de perzikvariëteit Golden Rathripe, ook gekend als Golden Cathérine.",Pieter Joseph de Pannemaeker,lithograaf,1877,http://www.geonames.org/2797657/,"in opdracht van het tijdschrift Bulletin d'arboriculture, de floriculture et de culture potagère",Pêche Golden Rathripe Pêche Golden Cathérine,http://limo.libis.be/KULeuven:ALL_CONTENT:32LIBIS_ALMA_DS71136479930001471,"225,0 mm","145,0 mm",papier,2010,schenking,Erfgoedbibliotheek Hendrik Conscience,https://creativecommons.org/publicdomain/mark/1.0/,https://creativecommons.org/publicdomain/zero/1.0/
4273,https://hetvirtueleland.be/cag/lithograph/id/4273,http://resolver.libis.be/IE1501427,https://hetvirtueleland.be/cag/lithograph/data/4273,Lithografie van de peervariëteit Bergamotte Hertrich,"Lithografie van de peervariëteit Bergamotte Hertrich, Pieter Joseph de Pannemaeker, 1878, Centrum Agrarische Geschiedenis (CAG)",chromolithografie,http://vocab.getty.edu/aat/300053272,chromolithography,Centrum Agrarische Geschiedenis (CAG),Bibliotheek Centrum Agrarische Geschiedenis,"Deze litho verscheen in het tijdschrift Bulletin d'arboriculture, de floriculture et de culture potagère (later Bulletin d'arboriculture, de culture potagère et de floriculture), een uitgave van de Cercle d'arboriculture de Belgique, gesticht in 1864 in Gent. De redactie was aanvankelijk in handen van Fr. Burvenich, Éd. Pynaert, Ém. Rodigas en H.J. Van Hulle, lesgevers aan de Staatstuinbouwschool van Gent, verbonden met de Kruidtuin van de Gentse universiteit. Het gaat om de peervariëteit Bergamotte Hertrich.",Pieter Joseph de Pannemaeker,lithograaf,1878,http://www.geonames.org/2797657/,"in opdracht van het tijdschrift Bulletin d'arboriculture, de floriculture et de culture potagère",Poire Bergamotte Hertrich,http://limo.libis.be/KULeuven:ALL_CONTENT:32LIBIS_ALMA_DS71136479930001471,"225,0 mm","145,0 mm",papier,2010,schenking,Erfgoedbibliotheek Hendrik Conscience,https://creativecommons.org/publicdomain/mark/1.0/,https://creativecommons.org/publicdomain/zero/1.0/
4274,https://hetvirtueleland.be/cag/lithograph/id/4274,http://resolver.libis.be/IE1501432,https://hetvirtueleland.be/cag/lithograph/data/4274,Lithografie van de peervariëteit Colmar Daras,"Lithografie van de peervariëteit Colmar Daras, Pieter Joseph de Pannemaeker, 1875, Centrum Agrarische Geschiedenis (CAG)",chromolithografie,http://vocab.getty.edu/aat/300053272,chromolithography,Centrum Agrarische Geschiedenis (CAG),Bibliotheek Centrum Agrarische Geschiedenis,"Deze litho verscheen in het tijdschrift Bulletin d'arboriculture, de floriculture et de culture potagère (later Bulletin d'arboriculture, de culture potagère et de floriculture), een uitgave van de Cercle d'arboriculture de Belgique, gesticht in 1864 in Gent. De redactie was aanvankelijk in handen van Fr. Burvenich, Éd. Pynaert, Ém. Rodigas en H.J. Van Hulle, lesgevers aan de Staatstuinbouwschool van Gent, verbonden met de Kruidtuin van de Gentse universiteit. Het gaat om de peervariëteit Colmar Daras.",Pieter Joseph de Pannemaeker,lithograaf,1875,http://www.geonames.org/2797657/,"in opdracht van het tijdschrift Bulletin d'arboriculture, de floriculture et de culture potagère",,http://limo.libis.be/KULeuven:ALL_CONTENT:32LIBIS_ALMA_DS71136479930001471,225.0 mm,145.0 mm,papier,2010,schenking,Erfgoedbibliotheek Hendrik Conscience,https://creativecommons.org/publicdomain/mark/1.0/,https://creativecommons.org/publicdomain/zero/1.0/
4275,https://hetvirtueleland.be/cag/lithograph/id/4275,http://resolver.libis.be/IE1501437,https://hetvirtueleland.be/cag/lithograph/data/4275,Lithografie van de appelvariëteit Lord Suffield,"Lithografie van de appelvariëteit Lord Suffield, Pieter Joseph de Pannemaeker, 1876, Centrum Agrarische Geschiedenis (CAG)",chromolithografie,http://vocab.getty.edu/aat/300053272,chromolithography,Centrum Agrarische Geschiedenis (CAG),Bibliotheek Centrum Agrarische Geschiedenis,"Deze litho verscheen in het tijdschrift Bulletin d'arboriculture, de floriculture et de culture potagère (later Bulletin d'arboriculture, de culture potagère et de floriculture), een uitgave van de Cercle d'arboriculture de Belgique, gesticht in 1864 in Gent. De redactie was aanvankelijk in handen van Fr. Burvenich, Éd. Pynaert, Ém. Rodigas en H.J. Van Hulle, lesgevers aan de Staatstuinbouwschool van Gent, verbonden met de Kruidtuin van de Gentse universiteit. Het gaat om de appel Lord Suffield.",Pieter Joseph de Pannemaeker,lithograaf,1876,http://www.geonames.org/2797657/,"in opdracht van het tijdschrift Bulletin d'arboriculture, de floriculture et de culture potagère",Pomme Lord Suffield,http://limo.libis.be/KULeuven:ALL_CONTENT:32LIBIS_ALMA_DS71136479930001471,"225,0 mm","145,0 mm",papier,2010,schenking,Erfgoedbibliotheek Hendrik Conscience,https://creativecommons.org/publicdomain/mark/1.0/,https://creativecommons.org/publicdomain/zero/1.0/
4276,https://hetvirtueleland.be/cag/lithograph/id/4276,http://resolver.libis.be/IE1501442,https://hetvirtueleland.be/cag/lithograph/data/4276,Lithografie van de nectarinevariëteit Rivers,"Lithografie van de nectarinevariëteit Rivers, Pieter Joseph de Pannemaeker, 1878, Centrum Agrarische Geschiedenis (CAG)",chromolithografie,http://vocab.getty.edu/aat/300053272,chromolithography,Centrum Agrarische Geschiedenis (CAG),Bibliotheek Centrum Agrarische Geschiedenis,"Deze litho verscheen in het tijdschrift Bulletin d'arboriculture, de floriculture et de culture potagère (later Bulletin d'arboriculture, de culture potagère et de floriculture), een uitgave van de Cercle d'arboriculture de Belgique, gesticht in 1864 in Gent. De redactie was aanvankelijk in handen van Fr. Burvenich, Éd. Pynaert, Ém. Rodigas en H.J. Van Hulle, lesgevers aan de Staatstuinbouwschool van Gent, verbonden met de Kruidtuin van de Gentse universiteit. Het gaat om de nectarinevariëteit Rivers.",Pieter Joseph de Pannemaeker,lithograaf,1878,http://www.geonames.org/2797657/,"in opdracht van het tijdschrift Bulletin d'arboriculture, de floriculture et de culture potagère",The nectarine peach (Rivers),http://limo.libis.be/KULeuven:ALL_CONTENT:32LIBIS_ALMA_DS71136479930001471,"225,0 mm","145,0 mm",papier,2010,schenking,Erfgoedbibliotheek Hendrik Conscience,https://creativecommons.org/publicdomain/mark/1.0/,https://creativecommons.org/publicdomain/zero/1.0/
4277,https://hetvirtueleland.be/cag/lithograph/id/4277,http://resolver.libis.be/IE1501447,https://hetvirtueleland.be/cag/lithograph/data/4277,Lithografie van de kerspruim met zwarte vruchten,"Lithografie van de kerspruim met zwarte vruchten, Pieter Joseph de Pannemaeker, 1905, Centrum Agrarische Geschiedenis (CAG)",chromolithografie,http://vocab.getty.edu/aat/300053272,chromolithography,Centrum Agrarische Geschiedenis (CAG),Bibliotheek Centrum Agrarische Geschiedenis,"Deze litho verscheen in het tijdschrift Bulletin d'arboriculture, de floriculture et de culture potagère (later Bulletin d'arboriculture, de culture potagère et de floriculture), een uitgave van de Cercle d'arboriculture de Belgique, gesticht in 1864 in Gent. De redactie was aanvankelijk in handen van Fr. Burvenich, Éd. Pynaert, Ém. Rodigas en H.J. Van Hulle, lesgevers aan de Staatstuinbouwschool van Gent, verbonden met de Kruidtuin van de Gentse universiteit. Het gaat om de kerspruim met zwarte vruchten.",Pieter Joseph de Pannemaeker,lithograaf,1905,http://www.geonames.org/2797657/,"in opdracht van het tijdschrift Bulletin d'arboriculture, de floriculture et de culture potagère",Myrobolan au fruits noirs,http://limo.libis.be/KULeuven:ALL_CONTENT:32LIBIS_ALMA_DS71136479930001471,"225,0 mm","145,0 mm",papier,2010,schenking,Erfgoedbibliotheek Hendrik Conscience,https://creativecommons.org/publicdomain/mark/1.0/,https://creativecommons.org/publicdomain/zero/1.0/
4278,https://hetvirtueleland.be/cag/lithograph/id/4278,http://resolver.libis.be/IE1501452,https://hetvirtueleland.be/cag/lithograph/data/4278,Lithografie van de perzikvariëteit Rivers' Early York,"Lithografie van de perzikvariëteit Rivers' Early York, Pieter Joseph de Pannemaeker, 1875, Centrum Agrarische Geschiedenis (CAG)",chromolithografie,http://vocab.getty.edu/aat/300053272,chromolithography,Centrum Agrarische Geschiedenis (CAG),Bibliotheek Centrum Agrarische Geschiedenis,"Deze litho verscheen in het tijdschrift Bulletin d'arboriculture, de floriculture et de culture potagère (later Bulletin d'arboriculture, de culture potagère et de floriculture), een uitgave van de Cercle d'arboriculture de Belgique, gesticht in 1864 in Gent. De redactie was aanvankelijk in handen van Fr. Burvenich, Éd. Pynaert, Ém. Rodigas en H.J. Van Hulle, lesgevers aan de Staatstuinbouwschool van Gent, verbonden met de Kruidtuin van de Gentse universiteit. Het gaat om de perzik Rivers' Early York.",Pieter Joseph de Pannemaeker,lithograaf,1875,http://www.geonames.org/2797657/,"in opdracht van het tijdschrift Bulletin d'arboriculture, de floriculture et de culture potagère",Pêche Rivers' Early York,http://limo.libis.be/KULeuven:ALL_CONTENT:32LIBIS_ALMA_DS71136479930001471,"225,0 mm","145,0 mm",papier,2010,schenking,Erfgoedbibliotheek Hendrik Conscience,https://creativecommons.org/publicdomain/mark/1.0/,https://creativecommons.org/publicdomain/zero/1.0/
4279,https://hetvirtueleland.be/cag/lithograph/id/4279,http://resolver.libis.be/IE1501457,https://hetvirtueleland.be/cag/lithograph/data/4279,Lithografie van de peervariëteit Nathalie Soetens,"Lithografie van de peervariëteit Nathalie Soetens, Pieter Joseph de Pannemaeker, 1876, Centrum Agrarische Geschiedenis (CAG)",chromolithografie,http://vocab.getty.edu/aat/300053272,chromolithography,Centrum Agrarische Geschiedenis (CAG),Bibliotheek Centrum Agrarische Geschiedenis,"Deze litho verscheen in het tijdschrift Bulletin d'arboriculture, de floriculture et de culture potagère (later Bulletin d'arboriculture, de culture potagère et de floriculture), een uitgave van de Cercle d'arboriculture de Belgique, gesticht in 1864 in Gent. De redactie was aanvankelijk in handen van Fr. Burvenich, Éd. Pynaert, Ém. Rodigas en H.J. Van Hulle, lesgevers aan de Staatstuinbouwschool van Gent, verbonden met de Kruidtuin van de Gentse universiteit. Het gaat om de peer Nathalie Soetens.",Pieter Joseph de Pannemaeker,lithograaf,1876,http://www.geonames.org/2797657/,"in opdracht van het tijdschrift Bulletin d'arboriculture, de floriculture et de culture potagère",Poire Nathalie Soetens,http://limo.libis.be/KULeuven:ALL_CONTENT:32LIBIS_ALMA_DS71136479930001471,"225,0 mm","145,0 mm",papier,Erfgoedbibliotheek Hendrik Conscience,2010,schenking,https://creativecommons.org/publicdomain/mark/1.0/,https://creativecommons.org/publicdomain/zero/1.0/
4280,https://hetvirtueleland.be/cag/lithograph/id/4280,http://resolver.libis.be/IE1501462,https://hetvirtueleland.be/cag/lithograph/data/4280,Lithografie van de grote amandelpeer,"Lithografie van de grote amandelpeer, Pieter Joseph de Pannemaeker, 1877, Centrum Agrarische Geschiedenis (CAG)",chromolithografie,http://vocab.getty.edu/aat/300053272,chromolithography,Centrum Agrarische Geschiedenis (CAG),Bibliotheek Centrum Agrarische Geschiedenis,"Deze litho verscheen in het tijdschrift Bulletin d'arboriculture, de floriculture et de culture potagère (later Bulletin d'arboriculture, de culture potagère et de floriculture), een uitgave van de Cercle d'arboriculture de Belgique, gesticht in 1864 in Gent. De redactie was aanvankelijk in handen van Fr. Burvenich, Éd. Pynaert, Ém. Rodigas en H.J. Van Hulle, lesgevers aan de Staatstuinbouwschool van Gent, verbonden met de Kruidtuin van de Gentse universiteit. Het gaat om de grote amandelpeer.",Pieter Joseph de Pannemaeker,lithograaf,1877,http://www.geonames.org/2797657/,"in opdracht van het tijdschrift Bulletin d'arboriculture, de floriculture et de culture potagère",Grosse poire amande,http://limo.libis.be/KULeuven:ALL_CONTENT:32LIBIS_ALMA_DS71136479930001471,"225,0 mm","145,0 mm",papier,2010,schenking,Erfgoedbibliotheek Hendrik Conscience,https://creativecommons.org/publicdomain/mark/1.0/,https://creativecommons.org/publicdomain/zero/1.0/
4281,https://hetvirtueleland.be/cag/lithograph/id/4281,http://resolver.libis.be/IE1501472,https://hetvirtueleland.be/cag/lithograph/data/4281,Lithografie van de druivenvariëteit Chasselas de Tournai,"Lithografie van de druivenvariëteit Chasselas de Tournai, Pieter Joseph de Pannemaeker, 1878, Centrum Agrarische Geschiedenis (CAG)",chromolithografie,http://vocab.getty.edu/aat/300053272,chromolithography,Centrum Agrarische Geschiedenis (CAG),Bibliotheek Centrum Agrarische Geschiedenis,"Deze litho verscheen in het tijdschrift Bulletin d'arboriculture, de floriculture et de culture potagère (later Bulletin d'arboriculture, de culture potagère et de floriculture), een uitgave van de Cercle d'arboriculture de Belgique, gesticht in 1864 in Gent. De redactie was aanvankelijk in handen van Fr. Burvenich, Éd. Pynaert, Ém. Rodigas en H.J. Van Hulle, lesgevers aan de Staatstuinbouwschool van Gent, verbonden met de Kruidtuin van de Gentse universiteit. Het gaat om de druif Chasselas de Tournai.",Pieter Joseph de Pannemaeker,lithograaf,1878,http://www.geonames.org/2797657/,"in opdracht van het tijdschrift Bulletin d'arboriculture, de floriculture et de culture potagère",Raisin Chasselas de Tournai,http://limo.libis.be/KULeuven:ALL_CONTENT:32LIBIS_ALMA_DS71136479930001471,"225,0 mm","145,0 mm",papier,2010,schenking,Erfgoedbibliotheek Hendrik Conscience,https://creativecommons.org/publicdomain/mark/1.0/,https://creativecommons.org/publicdomain/zero/1.0/
4282,https://hetvirtueleland.be/cag/lithograph/id/4282,http://resolver.libis.be/IE1501477,https://hetvirtueleland.be/cag/lithograph/data/4282,Lithografie van de perzikboom met purperen bladeren,"Lithografie van de perzikboom met purperen bladeren, Pieter Joseph de Pannemaeker, 1875, Centrum Agrarische Geschiedenis (CAG)",chromolithografie,http://vocab.getty.edu/aat/300053272,chromolithography,Centrum Agrarische Geschiedenis (CAG),Bibliotheek Centrum Agrarische Geschiedenis,"Deze litho verscheen in het tijdschrift Bulletin d'arboriculture, de floriculture et de culture potagère (later Bulletin d'arboriculture, de culture potagère et de floriculture), een uitgave van de Cercle d'arboriculture de Belgique, gesticht in 1864 in Gent. De redactie was aanvankelijk in handen van Fr. Burvenich, Éd. Pynaert, Ém. Rodigas en H.J. Van Hulle, lesgevers aan de Staatstuinbouwschool van Gent, verbonden met de Kruidtuin van de Gentse universiteit. Het gaat om de perzikboom met purperen bladeren.",Pieter Joseph de Pannemaeker,lithograaf,1875,http://www.geonames.org/2797657/,"in opdracht van het tijdschrift Bulletin d'arboriculture, de floriculture et de culture potagère",,http://limo.libis.be/KULeuven:ALL_CONTENT:32LIBIS_ALMA_DS71136479930001471,"225,0 mm","145,0 mm",papier,2010,schenking,Erfgoedbibliotheek Hendrik Conscience,https://creativecommons.org/publicdomain/mark/1.0/,https://creativecommons.org/publicdomain/zero/1.0/
4283,https://hetvirtueleland.be/cag/lithograph/id/4283,http://resolver.libis.be/IE1501482,https://hetvirtueleland.be/cag/lithograph/data/4283,Lithografie van de peervariëteit Louis Cappe,"Lithografie van de peervariëteit Louis Cappe, Pieter Joseph de Pannemaeker, 1877, Centrum Agrarische Geschiedenis (CAG)",chromolithografie,http://vocab.getty.edu/aat/300053272,chromolithography,Centrum Agrarische Geschiedenis (CAG),Bibliotheek Centrum Agrarische Geschiedenis,"Deze litho verscheen in het tijdschrift Bulletin d'arboriculture, de floriculture et de culture potagère (later Bulletin d'arboriculture, de culture potagère et de floriculture), een uitgave van de Cercle d'arboriculture de Belgique, gesticht in 1864 in Gent. De redactie was aanvankelijk in handen van Fr. Burvenich, Éd. Pynaert, Ém. Rodigas en H.J. Van Hulle, lesgevers aan de Staatstuinbouwschool van Gent, verbonden met de Kruidtuin van de Gentse universiteit. Het gaat om de peer Louis Cappe.",Pieter Joseph de Pannemaeker,lithograaf,1877,http://www.geonames.org/2797657/,"in opdracht van het tijdschrift Bulletin d'arboriculture, de floriculture et de culture potagère",Poire Louis Cappe,http://limo.libis.be/KULeuven:ALL_CONTENT:32LIBIS_ALMA_DS71136479930001471,"225,0 mm","145,0 mm",papier,2010,schenking,Erfgoedbibliotheek Hendrik Conscience,https://creativecommons.org/publicdomain/mark/1.0/,https://creativecommons.org/publicdomain/zero/1.0/
4284,https://hetvirtueleland.be/cag/lithograph/id/4284,http://resolver.libis.be/IE1501487,https://hetvirtueleland.be/cag/lithograph/data/4284,Lithografie van de appelvariëteit Princesse Maria,"Lithografie van de appelvariëteit Princesse Maria, Pieter Joseph de Pannemaeker, 1878, Centrum Agrarische Geschiedenis (CAG)",chromolithografie,http://vocab.getty.edu/aat/300053272,chromolithography,Centrum Agrarische Geschiedenis (CAG),Bibliotheek Centrum Agrarische Geschiedenis,"Deze litho verscheen in het tijdschrift Bulletin d'arboriculture, de floriculture et de culture potagère (later Bulletin d'arboriculture, de culture potagère et de floriculture), een uitgave van de Cercle d'arboriculture de Belgique, gesticht in 1864 in Gent. De redactie was aanvankelijk in handen van Fr. Burvenich, Éd. Pynaert, Ém. Rodigas en H.J. Van Hulle, lesgevers aan de Staatstuinbouwschool van Gent, verbonden met de Kruidtuin van de Gentse universiteit. Het gaat om de appel Princesse Maria.",Pieter Joseph de Pannemaeker,lithograaf,1878,http://www.geonames.org/2797657/,"in opdracht van het tijdschrift Bulletin d'arboriculture, de floriculture et de culture potagère",Pomme Princesse Maria,http://limo.libis.be/KULeuven:ALL_CONTENT:32LIBIS_ALMA_DS71136479930001471,"225,0 mm","145,0 mm",papier,2010,schenking,Erfgoedbibliotheek Hendrik Conscience,https://creativecommons.org/publicdomain/mark/1.0/,https://creativecommons.org/publicdomain/zero/1.0/
4285,https://hetvirtueleland.be/cag/lithograph/id/4285,http://resolver.libis.be/IE1501492,https://hetvirtueleland.be/cag/lithograph/data/4285,Lithografie van de druivenvariëteit Muscat Alberdienst,"Lithografie van de druivenvariëteit Muscat Alberdienst, Pieter Joseph de Pannemaeker, 1876, Centrum Agrarische Geschiedenis (CAG)",chromolithografie,http://vocab.getty.edu/aat/300053272,chromolithography,Centrum Agrarische Geschiedenis (CAG),Bibliotheek Centrum Agrarische Geschiedenis,"Deze litho verscheen in het tijdschrift Bulletin d'arboriculture, de floriculture et de culture potagère (later Bulletin d'arboriculture, de culture potagère et de floriculture), een uitgave van de Cercle d'arboriculture de Belgique, gesticht in 1864 in Gent. De redactie was aanvankelijk in handen van Fr. Burvenich, Éd. Pynaert, Ém. Rodigas en H.J. Van Hulle, lesgevers aan de Staatstuinbouwschool van Gent, verbonden met de Kruidtuin van de Gentse universiteit. Het gaat om de muskaatdruif Alberdienst.",Pieter Joseph de Pannemaeker,lithograaf,1876,http://www.geonames.org/2797657/,"in opdracht van het tijdschrift Bulletin d'arboriculture, de floriculture et de culture potagère",Muscat Alberdienst,http://limo.libis.be/KULeuven:ALL_CONTENT:32LIBIS_ALMA_DS71136479930001471,"225,0 mm","145,0 mm",papier,2010,schenking,Erfgoedbibliotheek Hendrik Conscience,https://creativecommons.org/publicdomain/mark/1.0/,https://creativecommons.org/publicdomain/zero/1.0/
4286,https://hetvirtueleland.be/cag/lithograph/id/4286,http://resolver.libis.be/IE1501497,https://hetvirtueleland.be/cag/lithograph/data/4286,Lithografie van de late zwarte Bigarreaukers,"Lithografie van de late zwarte Bigarreaukers, Pieter Joseph de Pannemaeker, 1875, Centrum Agrarische Geschiedenis (CAG)",chromolithografie,http://vocab.getty.edu/aat/300053272,chromolithography,Centrum Agrarische Geschiedenis (CAG),Bibliotheek Centrum Agrarische Geschiedenis,"Deze litho verscheen in het tijdschrift Bulletin d'arboriculture, de floriculture et de culture potagère (later Bulletin d'arboriculture, de culture potagère et de floriculture), een uitgave van de Cercle d'arboriculture de Belgique, gesticht in 1864 in Gent. De redactie was aanvankelijk in handen van Fr. Burvenich, Éd. Pynaert, Ém. Rodigas en H.J. Van Hulle, lesgevers aan de Staatstuinbouwschool van Gent, verbonden met de Kruidtuin van de Gentse universiteit. Het gaat om de zwarte late bigarreaukers.",Pieter Joseph de Pannemaeker,lithograaf,1875,http://www.geonames.org/2797657/,"in opdracht van het tijdschrift Bulletin d'arboriculture, de floriculture et de culture potagère",Bigarreau noir tardif,http://limo.libis.be/KULeuven:ALL_CONTENT:32LIBIS_ALMA_DS71136479930001471,"225,0 mm","145,0 mm",papier,2010,schenking,Erfgoedbibliotheek Hendrik Conscience,https://creativecommons.org/publicdomain/mark/1.0/,https://creativecommons.org/publicdomain/zero/1.0/
4287,https://hetvirtueleland.be/cag/lithograph/id/4287,http://resolver.libis.be/IE1501502,https://hetvirtueleland.be/cag/lithograph/data/4287,Lithografie van de peervariëteit Marie-Louise,"Lithografie van de peervariëteit Marie-Louise, Pieter Joseph de Pannemaeker, 1876, Centrum Agrarische Geschiedenis (CAG)",chromolithografie,http://vocab.getty.edu/aat/300053272,chromolithography,Centrum Agrarische Geschiedenis (CAG),Bibliotheek Centrum Agrarische Geschiedenis,"Deze litho verscheen in het tijdschrift Bulletin d'arboriculture, de floriculture et de culture potagère (later Bulletin d'arboriculture, de culture potagère et de floriculture), een uitgave van de Cercle d'arboriculture de Belgique, gesticht in 1864 in Gent. De redactie was aanvankelijk in handen van Fr. Burvenich, Éd. Pynaert, Ém. Rodigas en H.J. Van Hulle, lesgevers aan de Staatstuinbouwschool van Gent, verbonden met de Kruidtuin van de Gentse universiteit. Het gaat om de peer Marie-Louise.",Pieter Joseph de Pannemaeker,lithograaf,1876,http://www.geonames.org/2797657/,"in opdracht van het tijdschrift Bulletin d'arboriculture, de floriculture et de culture potagère",Poire Marie Louise,http://limo.libis.be/KULeuven:ALL_CONTENT:32LIBIS_ALMA_DS71136479930001471,"225,0 mm","145,0 mm",papier,2010,schenking,Erfgoedbibliotheek Hendrik Conscience,https://creativecommons.org/publicdomain/mark/1.0/,https://creativecommons.org/publicdomain/zero/1.0/
4288,https://hetvirtueleland.be/cag/lithograph/id/4288,http://resolver.libis.be/IE1501507,https://hetvirtueleland.be/cag/lithograph/data/4288,Lithografie van de nectarinevariëteit Brugnon de Féligny,"Lithografie van de nectarinevariëteit Brugnon de Féligny, Pieter Joseph de Pannemaeker, 1877, Centrum Agrarische Geschiedenis (CAG)",chromolithografie,http://vocab.getty.edu/aat/300053272,chromolithography,Centrum Agrarische Geschiedenis (CAG),Bibliotheek Centrum Agrarische Geschiedenis,"Deze litho verscheen in het tijdschrift Bulletin d'arboriculture, de floriculture et de culture potagère (later Bulletin d'arboriculture, de culture potagère et de floriculture), een uitgave van de Cercle d'arboriculture de Belgique, gesticht in 1864 in Gent. De redactie was aanvankelijk in handen van Fr. Burvenich, Éd. Pynaert, Ém. Rodigas en H.J. Van Hulle, lesgevers aan de Staatstuinbouwschool van Gent, verbonden met de Kruidtuin van de Gentse universiteit. Het gaat om de nectarine de Féligny.",Pieter Joseph de Pannemaeker,lithograaf,1877,http://www.geonames.org/2797657/,"in opdracht van het tijdschrift Bulletin d'arboriculture, de floriculture et de culture potagère",Brugnon de Féligny,http://limo.libis.be/KULeuven:ALL_CONTENT:32LIBIS_ALMA_DS71136479930001471,"225,0 mm","145,0 mm",papier,2010,schenking,Erfgoedbibliotheek Hendrik Conscience,https://creativecommons.org/publicdomain/mark/1.0/,https://creativecommons.org/publicdomain/zero/1.0/
4289,https://hetvirtueleland.be/cag/lithograph/id/4289,http://resolver.libis.be/IE1501517,https://hetvirtueleland.be/cag/lithograph/data/4289,Lithografie van de kerspeer,"Lithografie van de kerspeer, Pieter Joseph de Pannemaeker, 1878, Centrum Agrarische Geschiedenis (CAG)",chromolithografie,http://vocab.getty.edu/aat/300053272,chromolithography,Centrum Agrarische Geschiedenis (CAG),Bibliotheek Centrum Agrarische Geschiedenis,"Deze litho verscheen in het tijdschrift Bulletin d'arboriculture, de floriculture et de culture potagère (later Bulletin d'arboriculture, de culture potagère et de floriculture), een uitgave van de Cercle d'arboriculture de Belgique, gesticht in 1864 in Gent. De redactie was aanvankelijk in handen van Fr. Burvenich, Éd. Pynaert, Ém. Rodigas en H.J. Van Hulle, lesgevers aan de Staatstuinbouwschool van Gent, verbonden met de Kruidtuin van de Gentse universiteit. Het gaat om de kerspeer.",Pieter Joseph de Pannemaeker,lithograaf,1878,http://www.geonames.org/2797657/,"in opdracht van het tijdschrift Bulletin d'arboriculture, de floriculture et de culture potagère",Poire cérise,http://limo.libis.be/KULeuven:ALL_CONTENT:32LIBIS_ALMA_DS71136479930001471,"225,0 mm","145,0 mm",papier,2010,schenking,Erfgoedbibliotheek Hendrik Conscience,https://creativecommons.org/publicdomain/mark/1.0/,https://creativecommons.org/publicdomain/zero/1.0/
4290,https://hetvirtueleland.be/cag/lithograph/id/4290,http://resolver.libis.be/IE1501522,https://hetvirtueleland.be/cag/lithograph/data/4290,Lithografie van de aardbeivariëteit Sensation,"Lithografie van de aardbeivariëteit Sensation, Pieter Joseph de Pannemaeker, 1903, Centrum Agrarische Geschiedenis (CAG)",chromolithografie,http://vocab.getty.edu/aat/300053272,chromolithography,Centrum Agrarische Geschiedenis (CAG),Bibliotheek Centrum Agrarische Geschiedenis,"Deze litho verscheen in het tijdschrift Bulletin d'arboriculture, de floriculture et de culture potagère (later Bulletin d'arboriculture, de culture potagère et de floriculture), een uitgave van de Cercle d'arboriculture de Belgique, gesticht in 1864 in Gent. De redactie was aanvankelijk in handen van Fr. Burvenich, Éd. Pynaert, Ém. Rodigas en H.J. Van Hulle, lesgevers aan de Staatstuinbouwschool van Gent, verbonden met de Kruidtuin van de Gentse universiteit. De aardbeivariëteit Sensation wordt afgebeeld.",Pieter Joseph de Pannemaeker,lithograaf,1903,http://www.geonames.org/2797657/,"in opdracht van het tijdschrift Bulletin d'arboriculture, de floriculture et de culture potagère",Fraise Sensation,http://limo.libis.be/KULeuven:ALL_CONTENT:32LIBIS_ALMA_DS71136479930001471,"225,0 mm","145,0 mm",papier,2010,schenking,Erfgoedbibliotheek Hendrik Conscience,https://creativecommons.org/publicdomain/mark/1.0/,https://creativecommons.org/publicdomain/zero/1.0/
4291,https://hetvirtueleland.be/cag/lithograph/id/4291,http://resolver.libis.be/IE1501527,https://hetvirtueleland.be/cag/lithograph/data/4291,Lithografie van de peervariëteit Passe Crassane,"Lithografie van de peervariëteit Passe Crassane, Pieter Joseph de Pannemaeker, 1877, Centrum Agrarische Geschiedenis (CAG)",chromolithografie,http://vocab.getty.edu/aat/300053272,chromolithography,Centrum Agrarische Geschiedenis (CAG),Bibliotheek Centrum Agrarische Geschiedenis,"Deze litho verscheen in het tijdschrift Bulletin d'arboriculture, de floriculture et de culture potagère (later Bulletin d'arboriculture, de culture potagère et de floriculture), een uitgave van de Cercle d'arboriculture de Belgique, gesticht in 1864 in Gent. De redactie was aanvankelijk in handen van Fr. Burvenich, Éd. Pynaert, Ém. Rodigas en H.J. Van Hulle, lesgevers aan de Staatstuinbouwschool van Gent, verbonden met de Kruidtuin van de Gentse universiteit. Het gaat om de peervariëteit Passe Crassane.",Pieter Joseph de Pannemaeker,lithograaf,1877,http://www.geonames.org/2797657/,"in opdracht van het tijdschrift Bulletin d'arboriculture, de floriculture et de culture potagère",Poire Passe Crassane,http://limo.libis.be/KULeuven:ALL_CONTENT:32LIBIS_ALMA_DS71136479930001471,"225,0 mm","145,0 mm",papier,2010,schenking,Erfgoedbibliotheek Hendrik Conscience,https://creativecommons.org/publicdomain/mark/1.0/,https://creativecommons.org/publicdomain/zero/1.0/
4292,https://hetvirtueleland.be/cag/lithograph/id/4292,http://resolver.libis.be/IE1501532,https://hetvirtueleland.be/cag/lithograph/data/4292,Lithografie van de druivenvariëteit Chasselas de Falloux,"Lithografie van de druivenvariëteit Chasselas de Falloux, Pieter Joseph de Pannemaeker, 1875, Centrum Agrarische Geschiedenis (CAG)",chromolithografie,http://vocab.getty.edu/aat/300053272,chromolithography,Centrum Agrarische Geschiedenis (CAG),Bibliotheek Centrum Agrarische Geschiedenis,"Deze litho verscheen in het tijdschrift Bulletin d'arboriculture, de floriculture et de culture potagère (later Bulletin d'arboriculture, de culture potagère et de floriculture), een uitgave van de Cercle d'arboriculture de Belgique, gesticht in 1864 in Gent. De redactie was aanvankelijk in handen van Fr. Burvenich, Éd. Pynaert, Ém. Rodigas en H.J. Van Hulle, lesgevers aan de Staatstuinbouwschool van Gent, verbonden met de Kruidtuin van de Gentse universiteit. Het gaat om de druivenvariëteit Chasselas de Falloux.",Pieter Joseph de Pannemaeker,lithograaf,1875,http://www.geonames.org/2797657/,"in opdracht van het tijdschrift Bulletin d'arboriculture, de floriculture et de culture potagère",Raisin Chasselas de Falloux,http://limo.libis.be/KULeuven:ALL_CONTENT:32LIBIS_ALMA_DS71136479930001471,"225,0 mm","145,0 mm",papier,2010,schenking,Erfgoedbibliotheek Hendrik Conscience,https://creativecommons.org/publicdomain/mark/1.0/,https://creativecommons.org/publicdomain/zero/1.0/
4293,https://hetvirtueleland.be/cag/lithograph/id/4293,http://resolver.libis.be/IE1501537,https://hetvirtueleland.be/cag/lithograph/data/4293,Lithografie van de aardbeienvariëteiten van Th. Mulié,"Lithografie van de aardbeienvariëteiten van Th. Mulié, Pieter Joseph de Pannemaeker, 1876, Centrum Agrarische Geschiedenis (CAG)",chromolithografie,http://vocab.getty.edu/aat/300053272,chromolithography,Centrum Agrarische Geschiedenis (CAG),Bibliotheek Centrum Agrarische Geschiedenis,"Deze litho verscheen in het tijdschrift Bulletin d'arboriculture, de floriculture et de culture potagère (later Bulletin d'arboriculture, de culture potagère et de floriculture), een uitgave van de Cercle d'arboriculture de Belgique, gesticht in 1864 in Gent. De redactie was aanvankelijk in handen van Fr. Burvenich, Éd. Pynaert, Ém. Rodigas en H.J. Van Hulle, lesgevers aan de Staatstuinbouwschool van Gent, verbonden met de Kruidtuin van de Gentse universiteit. Het gaat om de aardbeivariëteiten van Th. Mulié.",Pieter Joseph de Pannemaeker,lithograaf,1876,http://www.geonames.org/2797657/,"in opdracht van het tijdschrift Bulletin d'arboriculture, de floriculture et de culture potagère",Fraises de Th. Mulié,http://limo.libis.be/KULeuven:ALL_CONTENT:32LIBIS_ALMA_DS71136479930001471,"225,0 mm","145,0 mm",papier,2010,schenking,Erfgoedbibliotheek Hendrik Conscience,https://creativecommons.org/publicdomain/mark/1.0/,https://creativecommons.org/publicdomain/zero/1.0/
4294,https://hetvirtueleland.be/cag/lithograph/id/4294,http://resolver.libis.be/IE1501542,https://hetvirtueleland.be/cag/lithograph/data/4294,Lithografie van frambozenvariëteiten,"Lithografie van frambozenvariëteiten, Pieter Joseph de Pannemaeker, vermoedelijk 1885, Centrum Agrarische Geschiedenis (CAG)",chromolithografie,http://vocab.getty.edu/aat/300053272,chromolithography,Centrum Agrarische Geschiedenis (CAG),Bibliotheek Centrum Agrarische Geschiedenis,"Deze litho verscheen in het tijdschrift Bulletin d'arboriculture, de floriculture et de culture potagère (later Bulletin d'arboriculture, de culture potagère et de floriculture), een uitgave van de Cercle d'arboriculture de Belgique, gesticht in 1864 in Gent. De redactie was aanvankelijk in handen van Fr. Burvenich, Éd. Pynaert, Ém. Rodigas en H.J. Van Hulle, lesgevers aan de Staatstuinbouwschool van Gent, verbonden met de Kruidtuin van de Gentse universiteit. Frambozenvariëteiten worden afgebeeld.",Pieter Joseph de Pannemaeker,lithograaf,vermoedelijk 1885,http://www.geonames.org/2797657/,"in opdracht van het tijdschrift Bulletin d'arboriculture, de floriculture et de culture potagère",Variétés des framboises,http://limo.libis.be/KULeuven:ALL_CONTENT:32LIBIS_ALMA_DS71136479930001471,"225,0 mm","145,0 mm",papier,2010,schenking,Erfgoedbibliotheek Hendrik Conscience,https://creativecommons.org/publicdomain/mark/1.0/,https://creativecommons.org/publicdomain/zero/1.0/
4295,https://hetvirtueleland.be/cag/lithograph/id/4295,http://resolver.libis.be/IE1501392,https://hetvirtueleland.be/cag/lithograph/data/4295,Plan des pépinières de MM Baltet à Troyes,"Plan des pépinières de MM Baltet à Troyes, Pieter Joseph de Pannemaeker, 1875, Centrum Agrarische Geschiedenis (CAG)",lithografie (prent),,,Centrum Agrarische Geschiedenis (CAG),Bibliotheek Centrum Agrarische Geschiedenis,"Deze prent verscheen in het tijdschrift Bulletin d'arboriculture, de floriculture et de culture potagère (later Bulletin d'arboriculture, de culture potagère et de floriculture), een uitgave van de Cercle d'arboriculture de Belgique, gesticht in 1864 in Gent. De redactie was aanvankelijk in handen van Fr. Burvenich, Éd. Pynaert, Ém. Rodigas en H.J. Van Hulle, lesgevers aan de Staatstuinbouwschool van Gent, verbonden met de Kruidtuin van de Gentse universiteit. Het gaat om het aanleggingsplan van de boomgaarden van de heren Baltet te Troyes in Frankrijk.",Pieter Joseph de Pannemaeker,tekenaar,1875,http://www.geonames.org/2797657/,"in opdracht van het tijdschrift Bulletin d'arboriculture, de floriculture et de culture potagère",,http://limo.libis.be/KULeuven:ALL_CONTENT:32LIBIS_ALMA_DS71136479930001471,225.0 mm,145.0 mm,papier,2010,schenking,Erfgoedbibliotheek Hendrik Conscience,https://creativecommons.org/publicdomain/mark/1.0/,https://creativecommons.org/publicdomain/zero/1.0/
4296,https://hetvirtueleland.be/cag/lithograph/id/4296,http://resolver.libis.be/IE1501467,https://hetvirtueleland.be/cag/lithograph/data/4296,Portret F. Rodigas,"Portret F. Rodigas, Pieter Joseph de Pannemaeker, 1877, Centrum Agrarische Geschiedenis (CAG)",lithografie (prent),,,Centrum Agrarische Geschiedenis (CAG),Bibliotheek Centrum Agrarische Geschiedenis,"Deze prent verscheen in het tijdschrift Bulletin d'arboriculture, de floriculture et de culture potagère (later Bulletin d'arboriculture, de culture potagère et de floriculture), een uitgave van de Cercle d'arboriculture de Belgique, gesticht in 1864 in Gent. De redactie was aanvankelijk in handen van Fr. Burvenich, Éd. Pynaert, Ém. Rodigas en H.J. Van Hulle, lesgevers aan de Staatstuinbouwschool van Gent, verbonden met de Kruidtuin van de Gentse universiteit. Het gaat om een portret van de - toen net overleden - dokter F. Rodigas, wellicht plantenkweker en familie van de mede-uitgever.",Pieter Joseph de Pannemaeker,tekenaar,1877,http://www.geonames.org/2797657/,"in opdracht van het tijdschrift Bulletin d'arboriculture, de floriculture et de culture potagère",,http://limo.libis.be/KULeuven:ALL_CONTENT:32LIBIS_ALMA_DS71136479930001471,225.0 mm,145.0 mm,papier,2010,schenking,Erfgoedbibliotheek Hendrik Conscience,https://creativecommons.org/publicdomain/mark/1.0/,https://creativecommons.org/publicdomain/zero/1.0/
4297,https://hetvirtueleland.be/cag/lithograph/id/4297,http://resolver.libis.be/IE1501512,https://hetvirtueleland.be/cag/lithograph/data/4297,Tekening van aardbeivariëteit Professeur Ed. Pynaert,"Tekening van aardbeivariëteit Professeur Ed. Pynaert, Pieter Joseph de Pannemaeker, 1878, Centrum Agrarische Geschiedenis (CAG)",tekening,http://vocab.getty.edu/aat/300033973,drawings (visual works),Centrum Agrarische Geschiedenis (CAG),Bibliotheek Centrum Agrarische Geschiedenis,"Deze prent verscheen in het tijdschrift Bulletin d'arboriculture, de floriculture et de culture potagère (later Bulletin d'arboriculture, de culture potagère et de floriculture), een uitgave van de Cercle d'arboriculture de Belgique, gesticht in 1864 in Gent. De redactie was aanvankelijk in handen van Fr. Burvenich, Éd. Pynaert, Ém. Rodigas en H.J. Van Hulle, lesgevers aan de Staatstuinbouwschool van Gent, verbonden met de Kruidtuin van de Gentse universiteit. Het gaat om de aardbei professor Éd. Pynaert, wellicht genoemd naar de mede-uitgever.",Pieter Joseph de Pannemaeker,tekenaar,1878,http://www.geonames.org/2797657/,"in opdracht van het tijdschrift Bulletin d'arboriculture, de floriculture et de culture potagère",Fraise Professeur Éd. Pynaert,http://limo.libis.be/KULeuven:ALL_CONTENT:32LIBIS_ALMA_DS71136479930001471,"225,0 mm","145,0 mm",papier,2010,schenking,Erfgoedbibliotheek Hendrik Conscience,https://creativecommons.org/publicdomain/mark/1.0/,https://creativecommons.org/publicdomain/zero/1.0/
,,,,,,,,,,,,,,,,,,,,,,,,,,https://creativecommons.org/publicdomain/zero/1.0/
